{"cameraMode":{"drawMode":0,"name":"Shaded","section":"Shading Mode"},"sceneLighting":true,"audioPlay":false,"sceneViewState":{"m_AlwaysRefresh":false,"showFog":true,"showSkybox":true,"showFlares":true,"showImageEffects":true,"showParticleSystems":true,"showVisualEffectGraphs":true,"m_FxEnabled":true},"in2DMode":false,"pivot":{"x":1.1415739059448243,"y":0.02783307246863842,"z":1.5056511163711548},"rotation":{"x":-0.16680344939231873,"y":-0.2360558807849884,"z":0.04186413437128067,"w":-0.9565474987030029},"size":2.252032518386841,"orthographic":false}